<?xml version="1.0" encoding="UTF-8"?>
<!DOCTYPE mapper
  PUBLIC "-//mybatis.org//DTD Mapper 3.0//EN"
  "https://mybatis.org/dtd/mybatis-3-mapper.dtd">
<mapper namespace="com.ssafy.mvc.model.dao.MovieDao">
	<!-- movieCnt -->
	<select id="movieCnt" resultType="int">
		SELECT COUNT(*) FROM movies;
	</select>

	<!-- selectMovieList -->
	<select id="selectMovieList" resultType="Movie">
		SELECT id, title, director, genre, runningTime FROM movies;
	</select>
	
	<!-- selectMovie -->
	<select id="selectMovie" resultType="Movie" parameterType="int">
		SELECT * FROM movies
		WHERE id = #{id};
	</select>
	
	<!-- insertMovie -->
	<insert id="insertMovie" parameterType="Movie">
		INSERT INTO movies (title, director, genre, runningTime, img, org_img)
		VALUES (#{title}, #{director}, #{genre}, #{runningTime}, #{img}, #{orgImg});
	</insert>
	
	<!-- modifyMovie -->
	<update id="modifyMovie" parameterType="Movie">
		UPDATE movies
		SET title = #{title}, director = #{director}, genre = #{genre}, runningTime = #{runningTime},
		img = #{img}, org_img = #{orgImg}
		WHERE id = #{id};
	</update>

	<!-- deleteMovie -->
	<delete id="deleteMovie" parameterType="int">
		DELETE FROM movies
		WHERE id = #{id};
	</delete>
	
</mapper>